,한글 종목약명
0,마이크로컨텍솔
1,스카이이앤엠
2,포스코엠텍
3,AJ네트웍스
4,AK홀딩스
5,BGF리테일
6,BGF
7,BNK금융지주
9,BYC
12,CJ
14,CJ씨푸드
15,CMG제약
16,CS홀딩스
17,DB
18,DB금융투자
19,DB손해보험
21,DB하이텍
22,DGB금융지주
23,DI동일
25,DL건설
26,DL
28,DL이앤씨
29,DSR
30,DSR제강
31,E1
32,ESR켄달스퀘어리츠
33,ES큐브
34,F&F
35,F&F홀딩스
37,GS건설
38,GS
39,HDC
40,HDC현대산업개발
41,HJ중공업
42,IHQ
43,JB금융지주
44,JW생명과학
47,JW중외제약
48,JW홀딩스
49,KB금융
50,KB오토시스
51,KCTC
52,KD
54,KG동부제철
55,KG케미칼
56,KH 필룩스
57,KISCO홀딩스
58,KPX케미칼
59,KPX홀딩스
60,KR모터스
61,LF
63,LG디스플레이
64,LG
66,LG생활건강
67,LG에너지솔루션
68,LG유플러스
69,LG이노텍
71,LG전자
73,LG화학
74,LIG넥스원
75,LS ELECTRIC
76,LS네트웍스
77,LS
78,LX인터내셔널
79,MH에탄올
80,NAVER
81,NHN
82,NH프라임리츠
83,NICE
84,NI스틸
86,NPC
87,OCI
89,S-Oil
90,SBI핀테크솔루션즈
91,SGC에너지
92,SG글로벌
93,SHD
94,SH에너지화학
95,SIMPAC
96,SJM
97,SJM홀딩스
99,SKC
100,SK가스
102,SK네트웍스
103,SK디앤디
104,SK리츠
105,SK
106,SK스퀘어
107,SK아이이테크놀로지
109,SK이노베이션
111,SK증권
113,SK케미칼
114,SK텔레콤
115,SNT모티브
116,SNT에너지
117,SNT중공업
118,SNT홀딩스
119,SPC삼립
120,STX
121,STX엔진
122,STX중공업
123,TBH글로벌
124,TCC스틸
125,WISCOM
126,가비아
127,가온미디어
128,가온전선
129,감성코퍼레이션
130,강남제비스코
131,강스템바이오텍
132,강원랜드
133,강원에너지
134,갤럭시아머니트리
135,갤럭시아에스엠
136,경남스틸
137,경남제약
138,경농
139,경동나비엔
140,경동도시가스
141,경동인베스트
142,경동제약
143,경방
144,경보제약
145,경인양행
146,경인전자
147,경창산업
148,계룡건설
150,계양전기
151,고려산업
152,고려시멘트
153,고려신용정보
154,고려아연
155,고려제강
156,고려제약
157,고바이오랩
158,고영
159,골드앤에스
160,골드퍼시픽
161,골프존
162,골프존뉴딘홀딩스
163,골프존데카
164,관악산업
165,광동제약
166,광림
167,광명전기
168,광전자
169,광주신세계
170,광진실업
171,교보10호스팩
172,교보11호스팩
173,교보9호스팩
174,교보증권
175,교촌에프앤비
176,구영테크
177,국도화학
178,국동
179,국보디자인
180,국보
181,국순당
182,국영지앤엠
183,국일신동
184,국일제지
185,국전약품
186,국제약품
187,굿센
188,GKL
189,GRT
190,그리티
191,그린케미칼
192,그린플러스
193,극동유화
194,GST
195,글로벌에스엠
196,글로벌텍스프리
197,글로본
199,금강공업
200,금강철강
201,금비
202,금양
204,금호건설
206,금호석유
207,금호에이치티
208,금호전기
209,금호타이어
210,금화피에스시
211,기가레인
212,기산텔레콤
213,기신정기
214,기아
215,까뮤이앤씨
216,까스텔바작
218,깨끗한나라
219,나노
220,나노브릭
221,나노스
222,나노신소재
223,나노씨엠에스
224,나노엔텍
225,나노캠텍
226,나눔테크
227,나라소프트
228,나라엠앤디
229,나래나노텍
230,나무가
231,나무기술
232,나스미디어
233,나우IB
234,나우코스
235,나이벡
236,나이스디앤비
237,나이스정보통신
238,NICE평가정보
239,나인테크
240,남광토건
242,남선알미늄
243,남성
245,남양유업
246,남해화학
247,남화산업
248,남화토건
249,내츄럴엔도텍
250,네오리진
251,네오셈
252,네오오토
253,네오위즈
254,네오위즈홀딩스
255,네오이뮨텍(Reg.S)
256,네오크레마
257,네오티스
258,네오팜
259,네오펙트
260,네온테크
261,네이블
262,네이처셀
263,네추럴FNP
264,네패스
265,네패스아크
267,넥센
269,넥센타이어
270,넥스턴바이오
271,넥스트BT
272,넥스트사이언스
273,넥스트아이
274,NEW
275,넥스틴
276,넥슨지티
277,넵튠
278,넷게임즈
279,넷마블
280,노드메이슨
281,노랑풍선
283,노루페인트
285,노루홀딩스
286,노바렉스
287,노바텍
288,노브메타파마
289,노터스
290,녹십자
291,녹십자엠에스
292,녹십자웰빙
294,녹십자홀딩스
295,녹원씨엔아이
296,농심
297,농심홀딩스
298,아시아종묘
299,농우바이오
300,누리플랜
301,누리플렉스
302,뉴로스
303,뉴보텍
304,뉴인텍
305,뉴지랩파마
306,뉴트리
307,뉴파워프라즈마
308,뉴프렉스
309,다나와
310,다날
311,다믈멀티미디어
312,다보링크
313,다산네트웍스
314,다스코
315,다우기술
316,다우데이타
317,다원넥스뷰
318,다원시스
319,다이나믹디자인
320,다이오진
321,단디바이오
322,대교
324,대구백화점
326,대덕
327,대덕전자
329,대동고려삼
330,대동금속
331,대동기어
332,대동
333,대동스틸
334,대동전자
335,대륙제관
336,대림B&Co
337,대림제지
338,대림통상
339,대명소노시즌
340,대모
341,대보마그네틱
342,대봉엘에스
344,대상
346,대상홀딩스
347,대성미생물
348,대성산업
349,대성에너지
350,대성엘텍
351,대성창투
352,대성파인텍
353,대성홀딩스
354,대신밸런스제10호스팩
355,대신밸런스제11호스팩
356,대신밸런스제7호스팩
357,대신밸런스제8호스팩
358,대신정보통신
361,대신증권
362,대아티아이
363,대양금속
364,대양전기공업
365,대양제지
366,대영포장
367,대우건설
368,대우부품
369,대우조선해양
370,대웅
371,대웅제약
372,대원
373,대원강업
374,대원미디어
375,대원산업
377,대원전선
378,대원제약
379,대원화성
380,대유
381,대유에이텍
382,대유에이피
383,대유플러스
384,대정화금
385,대주산업
386,대주이엔티
387,대주전자재료
388,대창단조
389,대창
390,대창솔루션
391,대창스틸
392,대한과학
393,대한광통신
394,대한그린파워
395,대한뉴팜
396,대한방직
397,대한약품
398,대한유화
399,대한전선
400,대한제강
402,대한제당
403,대한제분
405,대한항공
406,대한해운
407,대한화섬
408,대현
409,대호에이엘
410,대호특수강
412,대화제약
413,THE MIDONG
414,더네이쳐홀딩스
415,더블유게임즈
416,WI
417,더블유에스아이
418,THQ
419,THE E&M
420,더존비즈온
421,더콘텐츠온
422,덕산네오룩스
423,덕산테코피아
424,덕산하이메탈
426,덕성
427,덕신하우징
428,덕양산업
429,덕우전자
430,데브시스터즈
431,데이드림엔터
432,데이타솔루션
433,데이터스트림즈
434,덱스터
435,덴티스
436,덴티움
437,도부마스크
438,도이치모터스
439,도화엔지니어링
440,동구바이오제약
441,동국산업
442,동국알앤에스
443,동국S&C
444,동국제강
445,동국제약
446,동방
447,동방선기
448,동방아그로
450,동부건설
451,동서
452,동성제약
453,동성케미컬
454,동성화인텍
455,동신건설
456,동아쏘시오홀딩스
457,동아에스티
458,동아엘텍
459,동아지질
460,동아타이어
461,동아화성
465,동양고속
466,동양
467,동양생명
468,동양에스텍
469,동양이엔피
470,동양철관
471,동양파일
472,동양피스톤
473,동우팜투테이블
474,동운아나텍
475,동원F&B
476,동원개발
477,동원금속
478,동원산업
479,동원수산
481,동원시스템즈
482,동일고무벨트
483,동일금속
484,동일기연
485,동일산업
486,동일제강
487,동일철강
488,동진쎄미켐
489,동화기업
490,동화약품
493,두산밥캣
494,두산
495,두산중공업
498,두산퓨얼셀
499,두올
500,듀오백
501,듀켐바이오
502,드래곤플라이
503,드림시큐리티
504,드림씨아이에스
505,드림어스컴퍼니
506,드림텍
507,디딤
508,디바이스이엔지
509,DB금융스팩10호
510,DB금융스팩8호
511,DB금융스팩9호
512,디스플레이텍
513,디씨엠
514,디아이
515,디아이씨
516,디아이티
517,디아크
518,DRB동일
519,디알젬
520,디알텍
521,디앤디플랫폼리츠
522,디앤씨미디어
523,디어유
524,DSC인베스트먼트
525,디에스케이
526,디에이치피코리아
527,디에이테크놀로지
528,디에이피
529,디엑스앤브이엑스
530,디엔에이링크
531,디엔에프
532,DMS
533,디오
534,디와이디
535,디와이
536,디와이씨
537,디와이파워
538,디와이피엔에프
539,디이엔티
540,디젠스
541,디지아이
542,디지캡
543,디지탈옵틱
544,디지털대성
545,디지틀조선
546,디케이락
547,디케이앤디
548,디케이티
549,디티알오토모티브
550,디티앤씨
551,디피코
552,딜리
553,딥노이드
554,라닉스
555,라온시큐어
556,라온테크
557,라온피플
558,라이온켐텍
559,라이트론
560,라이프사이언스테크놀로지
561,라이프시맨틱스
562,라파스
563,락앤락
564,래몽래인
565,램테크놀러지
566,랩지노믹스
567,러셀
568,럭스피아
569,레고켐바이오
570,레드로버
571,레드캡투어
572,레몬
573,레이
574,레이언스
575,레이크머티리얼즈
576,레인보우로보틱스
577,렌딩머신
578,로보로보
579,로보스타
580,로보쓰리
581,로보티즈
582,로스웰
583,로지스몬
584,로지시스
585,로체시스템즈
586,롯데관광개발
587,롯데렌탈
588,롯데리츠
589,롯데손해보험
590,롯데쇼핑
591,롯데정밀화학
592,롯데정보통신
593,롯데제과
595,롯데지주
597,롯데칠성
598,롯데케미칼
599,롯데푸드
600,롯데하이마트
601,루멘스
602,루켄테크놀러지스
603,루트락
604,루트로닉
606,룽투코리아
607,리노공업
608,리노스
609,리더스 기술투자
610,리더스코스메틱
611,리드코프
612,리메드
613,리파인
614,릭스솔루션
615,린드먼아시아
616,링네트
617,링크제니시스
618,마니커
619,마니커에프앤지
620,마이더스AI
621,마이크로디지탈
622,마이크로프랜드
623,마인즈랩
624,엠브레인
625,마크로젠
626,만도
627,만호제강
628,맘스터치
629,매일유업
630,매일홀딩스
631,매직마이크로
632,매커스
633,맥스트
634,맥쿼리인프라
635,머큐리
636,멀티캠퍼스
637,메가스터디
638,메가스터디교육
639,메가엠디
640,메드팩토
641,메디쎄이
642,메디아나
643,메디안디노스틱
644,메디앙스
645,메디젠휴먼케어
646,메디콕스
647,메디톡스
648,메디포스트
649,메디프론
650,메리츠금융지주
651,메리츠증권
652,메리츠화재
653,메이슨캐피탈
654,메지온
655,메카로
656,메타랩스
657,메타바이오메드
658,멕아이씨에스
659,멜파스
660,명문제약
661,명성티엔에스
662,명신산업
663,명진홀딩스
664,모나리자
665,모나미
666,모다이노칩
667,모두투어
668,모두투어리츠
669,모바일리더
670,모바일어플라이언스
671,모베이스
672,모베이스전자
673,모비릭스
674,모비스
675,모아텍
676,모토닉
677,모트렉스
678,모헨즈
679,무림SP
680,무림페이퍼
681,무림P&P
682,무진메디
683,무학
684,문배철강
685,미디어젠
686,미래나노텍
687,미래산업
688,미래생명자원
689,미래아이앤지
690,미래에셋글로벌리츠
691,미래에셋대우스팩 5호
692,미래에셋대우스팩3호
693,미래에셋맵스리츠
694,맵스리얼티1
695,미래에셋벤처투자
696,미래에셋생명
699,미래에셋증권
700,미래엔에듀파트너
701,미래컴퍼니
702,미스터블루
703,미애부
704,미원상사
705,미원에스씨
706,미원홀딩스
707,미원화학
708,미창석유
709,미코
710,미코바이오메드
711,미투온
712,미투젠
713,민앤지
714,바다로19호
715,바디텍메드
716,바른손
717,바른손이앤에이
718,바른전자
719,바이넥스
720,바이브컴퍼니
721,바이오니아
722,바이오다인
723,바이오로그디바이스
724,바이오리더스
725,바이오솔루션
726,바이오스마트
727,바이오시네틱스
728,바이오인프라생명과학
729,바이오톡스텍
730,바이오프로테크
731,바이오플러스
732,바이온
733,바이옵트로
734,바이젠셀
735,바텍
736,박셀바이오
737,방림
738,배럴
739,백광산업
740,백금T&A
741,백산
742,버킷스튜디오
743,범양건영
744,베노홀딩스
745,베뉴지
746,베른
747,베셀
748,베스파
749,벽산
750,보광산업
751,보라티알
752,보락
753,보령제약
754,보성파워텍
755,보해양조
756,본느
757,볼빅
758,부스타
759,부광약품
761,부국증권
762,부국철강
763,부방
764,부산산업
765,부산주공
766,뷰노
767,뷰웍스
768,브랜드엑스코퍼레이션
769,브레인즈컴퍼니
770,브리지텍
771,브릿지바이오테라퓨틱스
772,브이원텍
773,브이티지엠피
774,블루베리 NFT
775,블루콤
776,블루탑
777,블리츠웨이
778,비나텍
779,비덴트
780,비디아이
781,비보존 헬스케어
782,비비씨
783,비비안
784,비상교육
785,비씨월드제약
786,비아트론
787,비에이치
788,비에이치아이
789,비엔디생활건강
790,BNGT
791,비엠티
792,비올
793,비즈니스온
794,비츠로셀
795,비츠로시스
796,비츠로테크
797,비케이탑스
798,비투엔
799,비트나인
800,비트컴퓨터
801,비플라이소프트
802,비피도
803,빅솔론
804,빅텍
805,빅텐츠
806,빙그레
807,빛샘전자
808,뿌리깊은나무들
809,사람인에이치알
810,사조대림
811,사조동아원
812,사조산업
813,사조씨푸드
814,사조오양
815,삼강엠앤티
816,삼기
817,삼륭물산
818,삼목에스폼
819,삼보모터스
820,삼보산업
821,삼보판지
822,삼부토건
824,삼성SDI
825,삼성공조
826,삼성스팩4호
827,삼성머스트스팩5호
829,삼성물산
830,삼성바이오로직스
831,삼성생명
832,삼성에스디에스
833,삼성엔지니어링
835,삼성전기
837,삼성전자
838,삼성제약
840,삼성중공업
841,삼성증권
842,삼성출판사
843,삼성카드
845,삼성화재
846,삼아알미늄
847,삼아제약
849,삼양사
850,삼양식품
851,삼양옵틱스
852,삼양통상
853,삼양패키징
855,삼양홀딩스
856,3S
857,삼영무역
858,삼영에스앤씨
859,삼영엠텍
860,삼영이엔씨
861,삼영전자
862,삼영화학
863,삼원강재
864,삼익THK
865,삼익악기
866,삼일
867,삼일기업공사
868,삼일씨엔에스
869,삼일제약
870,삼정펄프
871,삼지전자
872,삼진
873,삼진엘앤디
874,삼진제약
875,삼천당제약
876,삼천리
877,삼천리자전거
878,삼표시멘트
879,삼현철강
880,삼호개발
881,삼화네트웍스
882,삼화왕관
883,삼화전기
884,삼화전자
885,삼화콘덴서
886,삼화페인트
887,상보
888,상상인
889,상상인이안제2호스팩
890,상상인인더스트리
891,상상인증권
892,상신브레이크
893,상신이디피
894,상신전자
895,상아프론테크
896,상지카일룸
897,새로닉스
898,새론오토모티브
899,샘씨엔에스
900,샘코
901,샘표
902,샘표식품
903,서남
904,서린바이오
905,서부T&D
906,서산
907,서암기계공업
908,서연
909,서연이화
910,서연탑메탈
911,서울가스
912,서울리거
913,서울바이오시스
914,서울반도체
916,서울식품
917,서울옥션
918,서울전자통신
919,서울제약
920,서원
921,서원인텍
922,서전기전
923,서진시스템
924,서진오토모티브
925,서플러스글로벌
926,서한
927,서호전기
928,서흥
929,서희건설
930,석경에이티
931,선광
932,선데이토즈
933,선도전기
934,선바이오
935,SUN&L
936,선익시스템
937,선진
938,선진뷰티사이언스
939,성광벤드
940,성도이엔지
942,성문전자
943,성보화학
945,성신양회
946,성안
947,성우전자
948,성우테크론
949,성우하이텍
950,성창기업지주
951,성창오토텍
952,성호전자
953,세경하이테크
954,세기상사
955,세동
956,세림B&G
957,세명전기
959,세방
960,세방전지
961,세보엠이씨
962,세아베스틸
963,세아제강
964,세아제강지주
965,세아특수강
966,세아홀딩스
967,세영디앤씨
968,세우글로벌
969,세운메디칼
970,세원
971,세원물산
972,세원이앤씨
973,세원정공
974,세이브존I&C
975,세종공업
976,세종메디칼
977,세종텔레콤
978,세중
979,세진중공업
980,세진티에스
981,세코닉스
982,세틀뱅크
983,세하
984,세화피앤씨
985,센코
986,센트랄모텍
987,센트럴인사이트
988,셀레믹스
989,셀루메드
990,셀리드
991,셀리버리
992,셀바스AI
993,셀바스헬스케어
994,셀젠텍
995,셀트리온
996,셀트리온제약
997,셀트리온헬스케어
998,소룩스
999,소리바다
1000,소마젠
1001,소프트센
1003,소프트캠프
1004,손오공
1005,솔고바이오
1008,솔루스첨단소재
1009,솔루에타
1010,솔루엠
1011,솔본
1012,솔브레인
1013,솔브레인홀딩스
1014,솔트룩스
1015,송원산업
1016,쇼박스
1017,수산아이앤티
1018,수산중공업
1019,수성이노베이션
1020,수젠텍
1021,슈프리마
1022,슈프리마아이디
1023,슈프리마에이치큐
1024,슈피겐코리아
1025,스맥
1026,스카이문스테크놀로지
1027,스코넥
1028,스킨앤스킨
1029,스타플렉스
1030,스템랩
1031,스튜디오산타클로스
1032,스튜디오드래곤
1033,스틱인베스트먼트
1034,스페코
1035,스포츠서울
1036,승일
1037,시공테크
1038,시그네틱스
1039,시그넷이브이
1040,시너지이노베이션
1041,시노펙스
1042,시디즈
1043,시스웍
1044,시큐브
1045,시큐센
1046,시티랩스
1047,신대양제지
1048,신도기연
1049,신도리코
1050,신라교역
1051,신라섬유
1052,신라에스지
1053,신라젠
1054,신성델타테크
1055,신성이엔지
1056,신성통상
1057,신세계건설
1058,신세계
1059,신세계 I&C
1060,신세계인터내셔날
1061,신세계푸드
1062,신송홀딩스
1063,신신제약
1064,신영와코루
1066,신영증권
1067,신영스팩5호
1068,신영스팩6호
1070,신원
1071,신원종합개발
1072,신일전자
1073,신일제약
1074,신진에스엠
1075,신테카바이오
1077,신풍제약
1078,신풍제지
1079,신한지주
1080,신한서부티엔디리츠
1081,신한알파리츠
1082,신한제6호스팩
1083,신한제7호스팩
1084,신한제8호스팩
1085,신화인터텍
1086,신화콘텍
1087,신흥
1088,신흥에스이씨
1089,실리콘투
1090,심텍
1091,심텍홀딩스
1092,싸이맥스
1093,싸이버원
1094,싸이토젠
1095,쌍방울
1096,쌍용C&E
1097,쌍용차
1098,쌍용정보통신
1099,써니전자
1100,썬테크
1101,썸에이지
1102,쎄노텍
1103,쎄니트
1104,쎄트렉아이
1105,쎌마테라퓨틱스
1106,쎌바이오텍
1107,쏠리드
1108,CBI
1109,씨씨에스
1110,씨아이에스
1111,씨아이테크
1112,씨알푸드
1113,씨앗
1114,씨앤씨인터내셔널
1115,씨앤에스링크
1116,CNH
1117,씨앤지하이테크
1118,씨앤투스성진
1119,CNT85
1120,CS
1121,씨에스베어링
1122,CSA 코스믹
1123,씨에스윈드
1124,씨엔알리서치
1125,씨엔티드림
1126,씨엔플러스
1127,씨엠에스에듀
1128,COWON
1129,씨유메디칼
1130,씨유테크
1131,씨이랩
1132,CJ대한통운
1133,CJ 바이오사이언스
1134,CJ CGV
1135,CJ ENM
1137,CJ제일제당
1138,CJ프레시웨이
1139,씨젠
1140,씨케이에이치
1141,씨큐브
1142,씨티씨바이오
1143,씨티케이
1144,아가방컴퍼니
1145,아나패스
1146,아난티
1147,아남전자
1148,아래스
1149,아리온
1150,아모그린텍
1153,아모레G
1155,아모레퍼시픽
1156,아모텍
1157,아미노로직스
1158,아미코젠
1159,아바코
1160,아바텍
1161,아비코전자
1162,아세아
1163,아세아시멘트
1164,아세아제지
1165,아세아텍
1166,아센디오
1167,아셈스
1168,아스타
1169,아스트
1170,아스플로
1171,아시아경제
1172,아시아나IDT
1173,아시아나항공
1174,아우딘퓨쳐스
1175,아이디스
1176,아이디스홀딩스
1177,아이디피
1178,아이마켓코리아
1179,아이비김영
1180,IBKS제12호스팩
1181,IBKS제13호스팩
1182,IBKS제16호스팩
1183,아이센스
1184,아이스크림에듀
1185,아이쓰리시스템
1186,아이씨디
1187,아이씨케이
1188,아이앤씨
1189,아이에스동서
1190,ISC
1191,아이에스이커머스
1192,아이에이
1193,아이엘사이언스
1194,아이엠
1195,iMBC
1196,아이오케이
1197,아이원스
1198,아이윈
1199,아이즈비전
1200,아이진
1201,아이컴포넌트
1202,아이케이세미콘
1203,아이퀘스트
1204,아이큐어
1205,아이크래프트
1206,아이텍
1207,아이톡시
1208,아이티센
1209,아이티아이즈
1210,ITX-AI
1211,아이티엠반도체
1212,아이패밀리에스씨
1213,아주스틸
1214,아주IB투자
1215,아즈텍WB
1216,아진산업
1217,아진엑스텍
1218,아톤
1219,아퓨어스
1220,아프리카TV
1221,안국약품
1222,안랩
1223,안지오랩
1224,안트로젠
1225,알로이스
1226,알루코
1227,알리코제약
1228,알비더블유
1229,알서포트
1230,알에스오토메이션
1231,RF머트리얼즈
1232,알에프세미
1233,RFHIC
1234,알에프텍
1235,알엔투테크놀로지
1236,알체라
1237,알테오젠
1238,알톤스포츠
1239,알티캐스트
1240,알파홀딩스
1241,압타머사이언스
1242,압타바이오
1243,앙츠
1244,애경산업
1245,애경케미칼
1246,애니젠
1247,애니플러스
1248,애드바이오텍
1249,애머릿지
1250,액션스퀘어
1251,액토즈소프트
1252,액트로
1253,앤디포스
1254,앤씨앤
1255,앱코
1256,앱클론
1257,야스
1258,얍엑스
1259,양지사
1260,어보브반도체
1261,얼라인드
1262,엄지하우스
1263,에너토크
1264,에넥스
1265,에디슨EV
1266,에브리봇
1267,에스넷
1268,에스디바이오센서
1269,에스디생명공학
1270,에스디시스템
1271,SDN
1272,에스맥
1273,SV인베스트먼트
1274,SBI인베스트먼트
1275,SBS
1276,SBS콘텐츠허브
1277,에스씨디
1278,SCI평가정보
1279,에스씨엠생명과학
1280,에스아이리소스
1281,에스알바이오텍
1282,에스앤더블류
1283,에스앤디
1284,에스앤에스텍
1285,SNK
1286,에스에너지
1287,에스에스알
1288,에스에이엠티
1289,에스에이티이엔지
1290,에스에이티
1291,에스에프에이
1292,SFA반도체
1293,에스엔유
1294,S&K폴리텍
1295,에스엘바이오닉스
1296,에스엘
1297,에스엘에스바이오
1298,SM Life Design
1299,에스엠비나
1300,에스엠
1301,SM C&C
1302,에스엠코어
1303,에스와이
1304,에스원
1305,에스제이그룹
1306,에스제이켐
1307,SG세계물산
1308,SGC이테크건설
1309,SGA
1310,SGA솔루션즈
1311,SG&G
1312,SG
1314,SK디스커버리
1315,SK렌터카
1316,SK바이오사이언스
1317,SK바이오팜
1318,에스케이씨에스
1319,SK5호스팩
1320,SK6호스팩
1321,SK하이닉스
1322,에스코넥
1323,에스텍
1324,에스텍파마
1325,에스트래픽
1326,에스티아이
1327,에스티오
1328,에스티큐브
1329,에스티팜
1330,에스폴리텍
1331,에스퓨얼셀
1332,에스피시스템스
1333,에스피지
1334,에쎈테크
1335,에쓰씨엔지니어링
1336,에어부산
1337,에이디엠코리아
1338,에이디칩스
1339,에이디테크놀로지
1340,에이루트
1341,에이블씨엔씨
1342,에이비엘바이오
1343,에이비온
1344,에이비프로바이오
1345,에이스침대
1346,에이스테크
1347,에이스토리
1348,에이에프더블류
1349,에이엔피
1350,에이원알폼
1351,에이리츠
1352,HDC랩스
1353,HDC현대EP
1354,HB솔루션
1355,HB테크놀러지
1356,에이치시티
1357,HRS
1358,에이치앤비디자인
1359,HSD엔진
1360,에이치엔에스하이텍
1361,에이치엔티
1362,HLB
1363,HLB생명과학
1364,HLB제약
1365,HLB테라퓨틱스
1366,에이치엘비파워
1367,에이치엘사이언스
1368,에이치엠씨제4호스팩
1369,에이치엠씨제5호스팩
1370,HMM
1371,에이치케이
1372,HK이노엔
1373,에이치피오
1374,에이테크솔루션
1375,에이텍
1376,에이텍티앤
1377,에이트원
1378,에이티넘인베스트
1379,에이티세미콘
1380,에이팩트
1381,에이펙스인텍
1382,에이프로
1383,에이프로젠 MED
1384,에이프로젠제약
1385,에이프로젠 H&G
1386,에이플러스에셋
1387,AP시스템
1388,APS홀딩스
1389,AP위성
1390,에이피티씨
1391,에치에프알
1392,에코마케팅
1393,에코바이오
1394,에코캡
1395,에코프로
1396,에코프로비엠
1397,에코프로에이치엔
1398,에코플라스틱
1399,에프알텍
1400,에프앤가이드
1401,에프앤리퍼블릭
1402,FSN
1403,에프에스티
1404,에프엔씨엔터
1405,에프엔에스테크
1406,엑사이엔씨
1407,엑세스바이오
1408,엑셈
1409,엑스큐어
1410,엑시콘
1411,엔바이오니아
1412,엔브이에이치코리아
1413,엔비티
1414,엔솔바이오사이언스
1415,엔시스
1416,엔시트론
1417,엔씨소프트
1418,엔에스
1419,엔에스쇼핑
1420,엔에스엔
1421,엔에스엠
1422,엔에스컴퍼니
1423,엔에이치스팩18호
1424,엔에이치스팩19호
1425,엔에이치스팩20호
1426,엔에이치스팩21호
1427,엔에이치스팩22호
1428,NHN벅스
1429,NHN한국사이버결제
1430,NH올원리츠
1432,NH투자증권
1433,엔에프씨
1434,NE능률
1435,엔젠바이오
1436,엔지브이아이
1437,엔지스테크널러지
1438,엔지켐생명과학
1439,엔케이
1440,엔케이맥스
1441,엔켐
1442,엔텔스
1443,엔투텍
1444,엔피
1445,엔피디
1446,엔피케이
1447,엘디티
1448,엘리비젼
1449,엘브이엠씨홀딩스
1450,엘비루셈
1451,엘비세미콘
1452,엘아이에스
1453,엘앤씨바이오
1454,엘앤에프
1455,엘앤케이바이오
1456,LS전선아시아
1457,엘에이티
1458,LX세미콘
1460,LX하우시스
1462,LX홀딩스
1463,엘엠에스
1464,엘오티베큠
1465,LG헬로비전
1466,엘컴텍
1467,엘티씨
1468,엠게임
1469,엠로
1470,엠벤처투자
1471,엠씨넥스
1472,엠아이텍
1473,엠앤씨생명과학
1474,엠에스씨
1475,엠에스오토텍
1476,엠에프엠코리아
1477,엠케이전자
1478,엠투아이
1479,엠투엔
1480,엠플러스
1481,엠피대산
1482,연우
1483,연이비앤티
1484,영림원소프트랩
1485,영보화학
1486,영신금속
1487,영우디에스피
1488,영원무역
1489,영원무역홀딩스
1490,영진약품
1491,영풍
1492,영풍정밀
1493,영풍제지
1494,영화금속
1495,영화테크
1496,영흥
1497,예림당
1498,예선테크
1499,예스24
1500,예스코홀딩스
1501,예스티
1502,예스피치
1503,오가닉티코스메틱
1504,오공
1505,오디텍
1506,오뚜기
1507,오로라
1508,오로스테크놀로지
1509,오르비텍
1510,오리엔탈정공
1511,오리엔트바이오
1512,오리엔트정공
1513,오리온
1514,오리온홀딩스
1515,오리콤
1516,오비고
1517,오상자이엘
1518,오성첨단소재
1519,오션브릿지
1520,오션스톤
1521,오스코텍
1522,오스템
1523,오스템임플란트
1524,오이솔루션
1525,오킨스전자
1526,오텍
1527,오토앤
1528,오파스넷
1529,오픈베이스
1530,오하임아이엔티
1531,올리패스
1532,올릭스
1533,옴니시스템
1534,옵트론텍
1535,옵티시스
1536,옵티팜
1537,YW
1538,와이더플래닛
1539,YBM넷
1540,와이솔
1541,와이아이케이
1542,와이어블
1543,와이엔텍
1544,와이엠씨
1545,와이엠텍
1546,와이엠티
1547,와이오엠
1548,와이제이엠게임즈
1549,와이즈버즈
1550,와이지-원
1551,와이지엔터테인먼트
1552,YG PLUS
1553,와이투솔루션
1554,YTN
1555,와이팜
1556,와토스코리아
1557,우리금융지주
1558,우리기술
1559,우리기술투자
1560,우리넷
1561,우리들휴브레인
1562,우리로
1563,우리바이오
1564,우리산업
1565,우리산업홀딩스
1566,우리손에프앤지
1567,우리이앤엘
1568,우리조명
1569,우리종금
1570,우림피티에스
1571,우성
1572,우수AMS
1573,우신시스템
1574,우양
1575,우원개발
1576,우정바이오
1577,우주일렉트로
1578,우진
1579,우진비앤지
1580,우진아이엔에스
1581,우진플라임
1582,웅진
1583,웅진씽크빅
1584,원림
1585,원바이오젠
1586,원방테크
1587,원익
1588,원익머트리얼즈
1589,원익IPS
1590,원익큐브
1591,원익QnC
1592,원익피앤이
1593,원익홀딩스
1594,원일특강
1595,원준
1596,원텍
1597,원티드랩
1598,원포유
1599,원풍
1600,원풍물산
1601,월덱스
1602,웨이브일렉트로
1603,웰바이오텍
1604,웰크론
1605,웰크론한텍
1606,웹스
1607,웹젠
1608,웹케시
1609,위니아딤채
1610,위닉스
1611,위더스제약
1612,위드텍
1613,위메이드
1614,위메이드맥스
1615,위세아이텍
1616,위월드
1617,위즈코프
1618,위지윅스튜디오
1619,위지트
1620,윈스
1621,윈텍
1622,윈팩
1623,윈하이텍
1624,윌링스
1625,윌비스
1626,윙입푸드
1627,유네코
1628,유니드
1629,유니셈
1630,유니슨
1631,유니온머티리얼
1632,유니온
1633,유니온커뮤니티
1634,유니켐
1635,유니퀘스트
1636,유니크
1637,유니테스트
1638,유니테크노
1639,유니트론텍
1640,유니포인트
1641,유라테크
1642,유바이오로직스
1643,유비벨록스
1644,유비케어
1645,유비쿼스
1646,유비쿼스홀딩스
1647,유성기업
1648,유성티엔에스
1649,유수홀딩스
1650,유신
1651,UCI
1652,유아이디
1653,유아이엘
1654,유안타제5호스팩
1655,유안타제7호스팩
1656,유안타제8호스팩
1658,유안타증권
1659,유앤아이
1660,유에스티
1661,유엑스엔
1662,유엔젤
1665,유유제약
1666,유일에너테크
1667,유진기업
1668,유진스팩6호
1669,유진스팩7호
1670,유진로봇
1671,유진테크
1672,유진투자증권
1673,유테크
1674,유투바이오
1675,유티아이
1676,유틸렉스
1678,유한양행
1680,유화증권
1681,육일씨엔에쓰
1682,율촌화학
1683,율호
1684,이건산업
1685,이건홀딩스
1686,이구산업
1687,이글루시큐리티
1688,이글벳
1689,이노뎁
1690,이노메트리
1691,이노벡스
1692,이노션
1693,이노와이어리스
1694,이노인스트루먼트
1695,이노진
1696,이노테라피
1697,이녹스
1698,이녹스첨단소재
1699,이니텍
1700,이더블유케이
1701,이라이콤
1702,이랜시스
1703,이랜텍
1704,이루다
1705,이루온
1706,이리츠코크렙
1707,이마트
1708,이미지스
1709,이베스트스팩5호
1710,이베스트이안스팩1호
1711,이베스트투자증권
1712,이브이첨단소재
1713,이비테크
1714,이삭엔지니어링
1715,이상네트웍스
1716,이성씨엔아이
1717,이수앱지스
1718,이수페타시스
1719,이수화학
1720,이스타코
1721,이스트소프트
1722,이스트아시아홀딩스
1723,이십일스토어
1724,이씨에스
1725,이아이디
1726,이앤에치
1727,이엔드디
1728,이엔에프테크놀로지
1729,이엔코퍼레이션
1730,이엔플러스
1731,이엘피
1732,이엠넷
1733,EMW
1734,EMB
1735,이엠앤아이
1736,이엠코리아
1737,이엠텍
1738,이엠티
1739,이연제약
1740,이오테크닉스
1741,이오플로우
1742,EDGC
1743,이원컴포텍
1744,이월드
1745,이즈미디어
1746,EG
1747,이지바이오
1748,이지스레지던스리츠
1749,이지스밸류리츠
1750,이지케어텍
1751,이지트로닉스
1752,이지홀딩스
1753,이큐셀
1754,이크레더블
1755,이트론
1756,이퓨쳐
1757,이화공영
1758,이화산업
1759,이화전기
1760,인디에프
1761,인바디
1762,인바이오
1763,인바이오젠
1764,인바이츠바이오코아
1765,인베니아
1766,인산가
1767,인선이엔티
1768,인성정보
1769,인스코비
1770,인지디스플레
1771,인지컨트롤스
1772,인천도시가스
1773,인카금융서비스
1774,인콘
1775,인크로스
1776,인탑스
1777,인터로조
1778,인터엠
1779,인터지스
1780,인터코스
1781,인터파크
1782,인터플렉스
1783,인텍플러스
1784,인텔리안테크
1785,인트로메딕
1786,인트론바이오
1787,인팩
1788,인포마크
1789,인포바인
1790,인포뱅크
1791,인피니트헬스케어
1792,인피니티엔티
1793,인화정공
1794,일동제약
1795,일동홀딩스
1796,일성건설
1797,일성신약
1798,일승
1799,일신바이오
1800,일신방직
1801,일신석재
1802,일야
1804,일양약품
1805,일정실업
1806,일지테크
1807,일진다이아
1808,일진디스플
1809,일진머티리얼즈
1810,일진전기
1811,일진파워
1812,일진하이솔루스
1813,일진홀딩스
1814,잇츠한불
1815,잉글우드랩
1816,잉크테크
1817,자비스
1818,자연과환경
1819,자이글
1820,자이언트스텝
1821,자이에스앤디
1822,자화전자
1823,장원테크
1824,재영솔루텍
1825,전방
1826,전진바이오팜
1827,정다운
1828,정산애강
1829,정상제이엘에스
1830,정원엔시스
1831,제너셈
1832,제넥신
1833,제넨바이오
1834,제노레이
1835,제노코
1836,제노텍
1837,제놀루션
1838,제닉
1839,제로투세븐
1840,제룡산업
1841,제룡전기
1842,제우스
1843,JW신약
1844,제이브이엠
1845,제이스텍
1846,제이시스메디칼
1847,제이씨케미칼
1848,제이씨현시스템
1849,제이알글로벌리츠
1850,제이앤티씨
1851,제이에스코퍼레이션
1852,제이에스티나
1853,제이엔케이히터
1854,제이엘케이
1855,제이엠멀티
1856,제이엠아이
1857,제이엠티
1858,JYP Ent.
1859,제이웨이
1860,제이준코스메틱
1861,제이콘텐트리
1862,제이티
1863,JTC
1864,제일기획
1865,제일바이오
1866,제일약품
1867,제일연마
1868,제일전기공업
1869,제일제강
1870,제일테크노스
1871,제일파마홀딩스
1872,제주맥주
1873,제주반도체
1874,제주은행
1875,제주항공
1876,제테마
1877,젠큐릭스
1878,젬
1879,젬백스
1880,젬백스링크
1881,젬백스지오
1882,조광ILI
1883,조광페인트
1884,조광피혁
1885,조비
1886,조선내화
1887,조선선재
1888,조아제약
1889,조이시티
1890,조일알미늄
1891,조흥
1892,종근당바이오
1893,종근당
1894,종근당홀딩스
1895,좋은사람들
1896,주성엔지니어링
1897,수프로
1898,아모센스
1899,에스엔피제네틱스
1900,오스테오닉
1901,용평리조트
1902,유비온
1903,제노포커스
1904,코셋
1905,동남합성
1906,KCC
1907,주연테크
1908,줌인터넷
1909,기업은행
1910,중앙디앤엠
1911,중앙백신
1912,중앙에너비스
1913,지나인제약
1914,지노믹트리
1915,지놈앤컴퍼니
1916,지누스
1917,지니너스
1918,지니뮤직
1919,지니언스
1920,지니틱스
1921,지더블유바이텍
1922,지란지교시큐리티
1923,지스마트글로벌
1924,지씨셀
1925,지아이텍
1926,지앤비에스엔지니어링
1927,지앤이헬스케어
1928,지어소프트
1929,GS글로벌
1930,GS리테일
1931,지에스이
1932,GH신소재
1933,지엔씨에너지
1934,지엔원에너지
1935,지엔코
1936,지엘팜텍
1937,지엠비코리아
1938,지역난방공사
1939,지오씨
1940,지오엘리먼트
1941,지코
1942,지투알
1943,지티지웰니스
1944,진도
1945,진로발효
1946,진매트릭스
1947,진바이오텍
1948,진성티이씨
1949,진시스템
1950,진양산업
1951,진양제약
1952,진양폴리
1953,진양홀딩스
1954,진양화학
1955,진에어
1956,진원생명과학
1957,진코스텍
1960,진흥기업
1961,질경이
1962,차바이오텍
1963,차백신연구소
1964,크리스탈신소재
1965,참엔지니어링
1966,참존글로벌
1967,참좋은여행
1968,창해에탄올
1969,천보
1970,천일고속
1971,청광건설
1972,청담러닝
1973,체리부로
1974,체시스
1975,초록뱀미디어
1976,초록뱀컴퍼니
1977,칩스앤미디어
1978,카스
1979,카이노스메드
1980,카카오게임즈
1981,카카오뱅크
1982,카카오
1983,카카오페이
1984,카페24
1985,카프로
1986,캐리소프트
1987,캐스텍코리아
1988,캠시스
1989,커머스마이너
1990,컨버즈
1991,컬러레이
1992,컴투스
1993,컴투스홀딩스
1994,컴퍼니케이
1995,케어랩스
1996,케어룸의료산업
1997,케어젠
1998,케이디켐
1999,골든센츄리
2000,케이비아이동국실업
2001,KBI메탈
2002,케이비제19호스팩
2003,케이비제20호스팩
2004,케이사인
2005,KC그린홀딩스
2006,케이씨
2007,KC산업
2008,KCC건설
2009,KCC글라스
2010,KCI
2011,케이씨에스
2012,KC코트렐
2013,케이씨텍
2014,케이씨티
2015,케이씨피드
2016,케이아이엔엑스
2017,KSS해운
2018,케이에스피
2019,KH바텍
2020,KH E&T
2021,KH 일렉트론
2022,케이엔더블유
2023,KNN
2024,케이엔제이
2025,케이엘넷
2026,케이엠
2027,케이엠더블유
2028,KMH
2029,KMH하이텍
2030,케이엠제약
2031,케이옥션
2032,KEC
2033,KG모빌리언스
2034,KG이니시스
2035,KG ETS
2036,케이카
2037,케이탑리츠
2038,KT
2039,케이티비네트워크
2040,KTB투자증권
2041,KT서브마린
2042,스카이라이프
2043,KTcs
2044,KTis
2045,케이티알파
2046,KT&G
2047,케이프
2048,케이프이에스제4호
2049,케이피에스
2050,케이피에프
2051,KPX생명과학
2052,케이피엠테크
2053,케이피티유
2054,켄코아에어로스페이스
2055,켈스
2056,켐온
2057,켐트로닉스
2058,켐트로스
2059,코나아이
2060,코다코
2061,코데즈컴바인
2062,코드네이처
2063,코디
2064,코디엠
2065,코람코에너지리츠
2066,코렌텍
2067,코리아나
2068,코리아센터
2071,코리아써키트
2072,코리아에셋투자증권
2073,코리아에스이
2074,코리아에프티
2075,코리안리
2076,코맥스
2077,코메론
2078,코미코
2079,코미팜
2080,코세스
2081,코센
2082,코스나인
2083,코스맥스
2084,코스맥스비티아이
2085,코스맥스엔비티
2086,코스메카코리아
2087,코스모신소재
2088,코스모화학
2089,코스온
2090,코스텍시스템
2091,코아스
2092,코아스템
2093,코아시아
2094,코아시아옵틱스
2095,코엔텍
2098,코오롱글로벌
2099,코오롱
2100,코오롱생명과학
2102,코오롱인더
2103,코오롱티슈진
2104,코오롱플라스틱
2105,코웨이
2106,코웰패션
2107,코위버
2108,코윈테크
2109,코이즈
2110,코콤
2111,코텍
2112,코퍼스코리아
2113,코프라
2114,콜마비앤에이치
2115,콤텍시스템
2116,쿠콘
2117,쿠쿠홀딩스
2118,쿠쿠홈시스
2119,퀀타매트릭스
2120,큐라클
2121,큐렉소
2122,큐로
2123,큐로컴
2124,큐로홀딩스
2125,큐리언트
2126,큐브엔터
2127,큐에스아이
2128,큐엠씨
2129,큐캐피탈
2131,크라운제과
2133,크라운해태홀딩스
2134,크래프톤
2135,크로넥스
2136,크로바하이텍
2137,크루셜텍
2138,크리스에프앤씨
2139,크리스탈지노믹스
2140,크린앤사이언스
2141,클라우드에어
2142,클래시스
2143,클리노믹스
2144,클리오
2145,키네마스터
2146,키다리스튜디오
2147,키움증권
2148,키이스트
2149,타스컴
2150,타이거일렉
2151,타임기술
2152,탑선
2153,탑엔지니어링
2154,탑코미디어
2155,태경비케이
2156,태경산업
2157,태경케미컬
2158,태광
2159,태광산업
2160,태림포장
2161,태양
2163,태양금속
2164,태양기계
2165,태영건설
2167,태웅
2168,태웅로직스
2169,태원물산
2170,태평양물산
2171,테고사이언스
2172,테라사이언스
2173,테라셈
2174,테라젠이텍스
2175,테스
2176,테스나
2177,테이팩스
2178,테크엔
2179,테크윙
2180,테크트랜스
2181,텔레칩스
2182,텔레필드
2183,텔코웨어
2184,텔콘RF제약
2185,토니모리
2186,토마토시스템
2187,토박스코리아
2188,토비스
2189,토탈소프트
2190,톱텍
2191,투비소프트
2192,툴젠
2193,트루윈
2194,트윔
2195,특수건설
2196,티라유텍
2197,티로보틱스
2198,티비씨
2199,티사이언티픽
2200,티씨케이
2201,티앤알바이오팹
2202,티앤엘
2203,티에스아이
2204,티에스이
2205,TS인베스트먼트
2206,TS트릴리온
2207,티에이치엔
2208,티엘비
2209,티엘아이
2210,TYM
2212,티와이홀딩스
2213,티움바이오
2214,티웨이항공
2215,티웨이홀딩스
2216,TJ미디어
2217,티케이케미칼
2218,티티씨디펜스
2219,티플랙스
2220,티피씨글로벌
2221,TPC
2222,틸론
2223,팅크웨어
2224,파나진
2225,파나케이아
2226,파라다이스
2227,파라텍
2228,파루
2229,파마리서치
2230,파마리서치바이오
2231,파멥신
2232,파미셀
2233,파버나인
2234,파세코
2235,파수
2236,파워넷
2237,파워로직스
2238,파워풀엑스
2239,파이오링크
2240,파인디앤씨
2241,파인디지털
2242,파인테크닉스
2243,파인텍
2244,파커스
2245,파크시스템스
2246,파트론
2247,판도라티비
2248,판타지오
2249,팜스빌
2250,팜스코
2251,팜스토리
2252,팜젠사이언스
2253,패션플랫폼
2254,팬스타엔터프라이즈
2255,팬엔터테인먼트
2256,팬오션
2257,팬젠
2258,퍼스텍
2259,퍼시스
2260,펄어비스
2261,펌텍코리아
2262,페이퍼코리아
2263,펨토바이오메드
2264,펩트론
2265,평화산업
2266,평화홀딩스
2267,포메탈
2268,포스코강판
2269,POSCO
2270,포스코 ICT
2271,포스코인터내셔널
2272,포스코케미칼
2273,포시에스
2274,포인트모바일
2275,포인트엔지니어링
2276,포커스에이치엔에스
2277,포티스
2278,폴라리스오피스
2279,폴라리스우노
2280,폴라리스웍스
2281,폴루스바이오팜
2282,푸드나무
2283,푸드웰
2284,푸른기술
2285,푸른저축은행
2286,풀무원
2287,풍강
2288,풍국주정
2289,풍산
2290,풍산홀딩스
2291,퓨쳐켐
2292,프럼파스트
2293,프레스티지바이오로직스
2294,프레스티지바이오파마
2295,프로스테믹스
2296,프로이천
2297,프로테옴텍
2298,프로텍
2299,프롬바이오
2300,프리시젼바이오
2301,프리엠스
2302,플래티어
2303,플랜티넷
2304,플럼라인생명과학
2305,플레이그램
2306,플레이디
2307,플레이위드
2308,플리토
2309,피노텍
2310,피델릭스
2311,피씨디렉트
2312,피씨엘
2313,PI첨단소재
2314,피앤씨테크
2315,피에스엠씨
2316,피에스케이
2317,피에스케이홀딩스
2318,피에스텍
2319,피에이치씨
2320,피에이치에이
2321,피엔아이컴퍼니
2322,피엔에이치테크
2323,피엔케이피부임상연구센타
2324,피엔티
2325,PN풍년
2326,피제이메탈
2327,피제이전자
2328,피코그램
2329,피플바이오
2330,피피아이
2331,픽셀플러스
2332,필옵틱스
2333,핌스
2334,핑거
2335,하나금융14호스팩
2336,하나금융15호스팩
2337,하나금융16호스팩
2338,하나금융17호스팩
2339,하나금융19호스팩
2340,하나금융20호스팩
2341,하나금융지주
2342,하나기술
2343,하나마이크론
2344,하나머스트7호스팩
2345,하나머티리얼즈
2346,하나제약
2347,하나투어
2348,하림
2349,하림지주
2350,하이골드3호
2351,하이로닉
2352,하이록코리아
2353,하이브
2354,하이비젼시스템
2355,하이소닉
2356,하이스틸
2357,하이제5호스팩
2358,하이제6호스팩
2359,하이제7호스팩
2360,하이즈항공
2361,하이텍팜
2362,하이트론
2364,하이트진로
2366,하이트진로홀딩스
2367,하인크코리아
2368,하츠
2369,한국가구
2370,한국가스공사
2371,한국경제TV
2372,한국공항
2373,한국기업평가
2374,한국내화
2375,한국단자
2376,한국맥널티
2377,한국미라클피플사
2378,한국바이오젠
2379,베트남개발1
2380,한국비엔씨
2381,한국석유
2382,한국선재
2383,한국수출포장
2384,한국쉘석유
2385,한국알콜
2386,한국앤컴퍼니
2387,유나이티드제약
2388,한국유니온제약
2389,한국자산신탁
2390,한국전력
2391,한전기술
2392,한국전자금융
2393,한국전자인증
2394,한국전자홀딩스
2395,한국정밀기계
2396,한국정보공학
2397,한국정보인증
2398,한국정보통신
2399,한국9호스팩
2400,한국조선해양
2401,한국종합기술
2402,한국주강
2403,한국주철관
2404,한국철강
2405,한국카본
2406,한국캐피탈
2407,한국컴퓨터
2408,한국코퍼레이션
2409,한국콜마
2410,한국콜마홀딩스
2411,한국큐빅
2412,한국타이어앤테크놀로지
2413,한국테크놀로지
2414,한국토지신탁
2415,한국ANKOR유전
2416,한국패러랠
2418,한국금융지주
2419,한국특강
2420,한국파마
2421,한국팩키지
2422,한국프랜지
2423,한국항공우주
2424,한국화장품
2425,한국화장품제조
2426,한글과컴퓨터
2427,한네트
2428,한농화성
2429,한독
2430,한독크린텍
2431,한라
2432,한라IMS
2433,한라홀딩스
2434,한미글로벌
2435,한미반도체
2436,한미사이언스
2437,한미약품
2438,한빛소프트
2439,한샘
2440,한섬
2441,한성기업
2442,한세실업
2443,한세엠케이
2444,한세예스24홀딩스
2445,한솔PNS
2446,한솔로지스틱스
2447,한솔인티큐브
2448,한솔제지
2449,한솔케미칼
2450,한솔테크닉스
2451,한솔홀딩스
2452,한솔홈데코
2453,한송네오텍
2454,한스바이오메드
2455,한신공영
2456,한신기계
2457,한양디지텍
2458,한양이엔지
2460,한양증권
2461,한온시스템
2462,한올바이오파마
2463,한익스프레스
2464,한일네트웍스
2465,한일단조
2466,한일사료
2467,한일시멘트
2468,한일진공
2469,한일철강
2470,한일현대시멘트
2471,한일홀딩스
2472,한일화학
2473,한전KPS
2474,한전산업
2475,한중엔시에스
2476,한진
2477,한진중공업홀딩스
2479,한진칼
2480,한창바이오텍
2481,한창
2482,한창산업
2483,한창제지
2484,한컴MDS
2485,한컴라이프케어
2486,한컴위드
2487,한탑
2488,한프
2491,한화
2492,한화생명
2493,한화손해보험
2495,한화솔루션
2496,한화시스템
2497,한화에어로스페이스
2499,한화투자증권
2500,한화플러스제2호스팩
2501,해성디에스
2502,해성산업
2504,해성옵틱스
2505,해성티피씨
2506,해태제과식품
2507,핸디소프트
2508,핸즈코퍼레이션
2509,헝셩그룹
2510,헬릭스미스
2512,현대건설기계
2513,현대건설
2514,현대공업
2515,현대그린푸드
2516,현대글로비스
2517,현대두산인프라코어
2518,현대로템
2519,현대리바트
2520,현대모비스
2521,현대무벡스
2522,현대미포조선
2523,현대바이오랜드
2524,현대바이오
2525,현대백화점
2527,현대비앤지스틸
2528,현대사료
2529,현대약품
2530,현대에너지솔루션
2531,현대에버다임
2532,현대에이치티
2533,현대엘리베이
2534,현대오토에버
2535,현대위아
2536,현대이지웰
2537,현대일렉트릭
2541,현대차
2542,현대제철
2543,현대중공업
2544,현대중공업지주
2545,현대차증권
2546,현대코퍼레이션
2547,현대코퍼레이션홀딩스
2548,현대퓨처넷
2549,현대해상
2550,현대홈쇼핑
2551,현우산업
2552,현진소재
2553,협진
2554,형지I&C
2555,형지엘리트
2556,혜인
2557,호전실업
2559,호텔신라
2560,홈센타홀딩스
2561,홈캐스트
2562,화성밸브
2563,화성산업
2564,화승알앤에이
2565,화승엔터프라이즈
2566,화승인더
2567,화승코퍼레이션
2568,화신
2569,화신정공
2570,화인베스틸
2571,화일약품
2572,화천기계
2573,화천기공
2574,환인제약
2575,황금에스티
2576,효성
2577,효성ITX
2578,효성오앤비
2579,효성중공업
2580,효성첨단소재
2581,효성티앤씨
2582,효성화학
2583,후성
2584,휘닉스소재
2585,휠라홀딩스
2586,휴네시온
2587,휴니드
2588,휴럼
2589,휴림로봇
2590,휴마시스
2591,휴맥스
2592,휴맥스홀딩스
2593,휴먼엔
2594,휴메딕스
2595,휴벡셀
2596,휴비스
2597,휴비츠
2598,휴센텍
2599,휴스틸
2600,휴온스
2601,휴온스글로벌
2602,휴온스블러썸
2603,휴젤
2604,휴켐스
2605,흥구석유
2606,흥국
2607,흥국에프엔비
2610,흥국화재
2611,흥아해운
2612,희림
2613,힘스
